Files,Predictions,Labels
spoof_32919.npy,1,0
spoof_27569.npy,1,0
spoof_28286.npy,1,0
spoof_27409.npy,1,0
spoof_31848.npy,1,0
human_04651.npy,0,1
spoof_32302.npy,1,0
spoof_29418.npy,1,0
spoof_01184.npy,1,0
spoof_10089.npy,1,0
spoof_33857.npy,1,0
spoof_05293.npy,1,0
spoof_05299.npy,1,0
spoof_22754.npy,1,0
spoof_05630.npy,1,0
spoof_30755.npy,1,0
spoof_29092.npy,1,0
spoof_33311.npy,1,0
spoof_26206.npy,1,0
spoof_13637.npy,1,0
spoof_18893.npy,1,0
spoof_03432.npy,1,0
spoof_01365.npy,1,0
spoof_37790.npy,1,0
human_07940.npy,0,1
spoof_03595.npy,1,0
spoof_31223.npy,1,0
spoof_34907.npy,1,0
human_03118.npy,0,1
spoof_23930.npy,1,0
spoof_07901.npy,1,0
spoof_18245.npy,1,0
spoof_02092.npy,1,0
spoof_31100.npy,1,0
spoof_04240.npy,1,0
spoof_21061.npy,1,0
spoof_17288.npy,1,0
spoof_19164.npy,1,0
spoof_25923.npy,1,0
human_02768.npy,0,1
human_01375.npy,0,1
spoof_10522.npy,1,0
spoof_34935.npy,1,0
spoof_38719.npy,1,0
spoof_29698.npy,1,0
spoof_24071.npy,1,0
spoof_15706.npy,1,0
spoof_34201.npy,1,0
spoof_01646.npy,1,0
spoof_29852.npy,1,0
human_02109.npy,0,1
spoof_36195.npy,1,0
spoof_28732.npy,1,0
spoof_02680.npy,1,0
spoof_13610.npy,1,0
spoof_35291.npy,1,0
spoof_07032.npy,1,0
spoof_39483.npy,1,0
spoof_30599.npy,1,0
spoof_00411.npy,1,0
spoof_14682.npy,1,0
spoof_33730.npy,1,0
spoof_30476.npy,1,0
spoof_14757.npy,1,0
spoof_26681.npy,1,0
spoof_00114.npy,1,0
human_06300.npy,0,1
spoof_31265.npy,1,0
spoof_03840.npy,1,0
spoof_28412.npy,1,0
spoof_18356.npy,1,0
human_04747.npy,0,1
spoof_06974.npy,1,0
spoof_01707.npy,1,0
spoof_15182.npy,1,0
spoof_09191.npy,1,0
spoof_23397.npy,1,0
spoof_00609.npy,1,0
spoof_02232.npy,1,0
spoof_01423.npy,1,0
spoof_19148.npy,1,0
spoof_31209.npy,1,0
spoof_32128.npy,1,0
spoof_19458.npy,1,0
spoof_04880.npy,1,0
spoof_23862.npy,1,0
spoof_30219.npy,1,0
spoof_08955.npy,1,0
spoof_09058.npy,1,0
spoof_38839.npy,1,0
spoof_24974.npy,1,0
spoof_09414.npy,1,0
human_07958.npy,0,1
human_07510.npy,0,1
spoof_15881.npy,1,0
spoof_07075.npy,1,0
spoof_26306.npy,1,0
spoof_26846.npy,1,0
spoof_29305.npy,1,0
spoof_32645.npy,1,0
spoof_21310.npy,1,0
spoof_14400.npy,1,0
spoof_34544.npy,1,0
spoof_01106.npy,1,0
human_07337.npy,0,1
spoof_27055.npy,1,0
spoof_29946.npy,1,0
spoof_07852.npy,1,0
spoof_06169.npy,1,0
spoof_05906.npy,1,0
spoof_21758.npy,1,0
spoof_08233.npy,1,0
spoof_19691.npy,1,0
human_05981.npy,0,1
spoof_34858.npy,1,0
spoof_15335.npy,1,0
spoof_11749.npy,1,0
spoof_12429.npy,1,0
spoof_25584.npy,1,0
spoof_03367.npy,1,0
spoof_30580.npy,1,0
human_09090.npy,0,1
human_04426.npy,0,1
spoof_27726.npy,1,0
spoof_00329.npy,1,0
spoof_08216.npy,1,0
spoof_27079.npy,1,0
spoof_01038.npy,1,0
spoof_14408.npy,1,0
spoof_15685.npy,1,0
spoof_34890.npy,1,0
spoof_24937.npy,1,0
spoof_20437.npy,1,0
spoof_13256.npy,1,0
spoof_29323.npy,1,0
spoof_17541.npy,1,0
spoof_28112.npy,1,0
spoof_07729.npy,1,0
spoof_28139.npy,1,0
human_05227.npy,0,1
spoof_13223.npy,1,0
spoof_18216.npy,1,0
spoof_08936.npy,1,0
spoof_28592.npy,1,0
spoof_36962.npy,1,0
spoof_31106.npy,1,0
spoof_25154.npy,1,0
spoof_13645.npy,1,0
spoof_28525.npy,1,0
human_02066.npy,0,1
human_08040.npy,0,1
spoof_23995.npy,1,0
spoof_16488.npy,1,0
spoof_08336.npy,1,0
spoof_02985.npy,1,0
spoof_39271.npy,1,0
human_06131.npy,0,1
human_00446.npy,0,1
spoof_04644.npy,1,0
spoof_25695.npy,1,0
spoof_17863.npy,1,0
spoof_27995.npy,1,0
spoof_18053.npy,1,0
spoof_32842.npy,1,0
spoof_25663.npy,1,0
human_09607.npy,0,1
spoof_10486.npy,1,0
spoof_03159.npy,1,0
spoof_09251.npy,1,0
spoof_30443.npy,1,0
spoof_17486.npy,1,0
spoof_18331.npy,1,0
spoof_36070.npy,1,0
spoof_03756.npy,1,0
spoof_07505.npy,1,0
spoof_10166.npy,1,0
spoof_07924.npy,1,0
spoof_07720.npy,1,0
spoof_08892.npy,1,0
spoof_37609.npy,1,0
spoof_06744.npy,1,0
spoof_05285.npy,1,0
spoof_26010.npy,1,0
human_07827.npy,0,1
spoof_00182.npy,1,0
spoof_13774.npy,1,0
spoof_21056.npy,1,0
human_07391.npy,0,1
spoof_21247.npy,1,0
spoof_26747.npy,1,0
spoof_20366.npy,1,0
spoof_18340.npy,1,0
spoof_27886.npy,1,0
human_05260.npy,0,1
human_07957.npy,0,1
spoof_27399.npy,1,0
spoof_10872.npy,1,0
spoof_32610.npy,1,0
spoof_36988.npy,1,0
spoof_04356.npy,1,0
spoof_32758.npy,1,0
spoof_34161.npy,1,0
spoof_10982.npy,1,0
spoof_08703.npy,1,0
spoof_19507.npy,1,0
spoof_25435.npy,1,0
spoof_14737.npy,1,0
spoof_24521.npy,1,0
spoof_29693.npy,1,0
spoof_17841.npy,1,0
spoof_35447.npy,1,0
spoof_18643.npy,1,0
spoof_08111.npy,1,0
spoof_15484.npy,1,0
human_08506.npy,0,1
human_01837.npy,0,1
spoof_17838.npy,1,0
spoof_31213.npy,1,0
spoof_29128.npy,1,0
human_06789.npy,0,1
spoof_12083.npy,1,0
spoof_24910.npy,1,0
spoof_23783.npy,1,0
spoof_15600.npy,1,0
spoof_34697.npy,1,0
spoof_18636.npy,1,0
spoof_11212.npy,1,0
spoof_30046.npy,1,0
spoof_24025.npy,1,0
spoof_02468.npy,1,0
spoof_16600.npy,1,0
spoof_20123.npy,1,0
human_05202.npy,0,1
spoof_23060.npy,1,0
spoof_32495.npy,1,0
spoof_00082.npy,1,0
human_02802.npy,0,1
spoof_09099.npy,1,0
spoof_05526.npy,1,0
spoof_15193.npy,1,0
spoof_24403.npy,1,0
spoof_37722.npy,1,0
spoof_08778.npy,1,0
spoof_38893.npy,1,0
spoof_11875.npy,1,0
human_07198.npy,0,1
spoof_30615.npy,1,0
spoof_32067.npy,1,0
spoof_24948.npy,1,0
spoof_34850.npy,1,0
human_01169.npy,0,1
human_09398.npy,0,1
spoof_05301.npy,1,0
spoof_07389.npy,1,0
spoof_32544.npy,1,0
spoof_26562.npy,1,0
spoof_29297.npy,1,0
spoof_23410.npy,1,0
spoof_05937.npy,1,0
spoof_08403.npy,1,0
spoof_11257.npy,1,0
spoof_37989.npy,1,0
human_04982.npy,0,1
spoof_26145.npy,1,0
spoof_25762.npy,1,0
spoof_37364.npy,1,0
spoof_14676.npy,1,0
spoof_02554.npy,1,0
spoof_27918.npy,1,0
spoof_20969.npy,1,0
spoof_26754.npy,1,0
spoof_11378.npy,1,0
spoof_19491.npy,1,0
spoof_37888.npy,1,0
spoof_03438.npy,1,0
spoof_04534.npy,1,0
human_02233.npy,0,1
human_00455.npy,0,1
spoof_01252.npy,1,0
spoof_21046.npy,1,0
spoof_04360.npy,1,0
spoof_18414.npy,1,0
spoof_27103.npy,1,0
spoof_17692.npy,1,0
spoof_34717.npy,1,0
human_00607.npy,0,1
spoof_11988.npy,1,0
spoof_37030.npy,1,0
spoof_21662.npy,1,0
spoof_27926.npy,1,0
spoof_16674.npy,1,0
spoof_39354.npy,1,0
spoof_27871.npy,1,0
spoof_02270.npy,1,0
spoof_18529.npy,1,0
spoof_21591.npy,1,0
human_05441.npy,0,1
human_04558.npy,0,1
spoof_28443.npy,1,0
spoof_13558.npy,1,0
spoof_05292.npy,1,0
spoof_23365.npy,1,0
spoof_09618.npy,1,0
human_01921.npy,0,1
spoof_21345.npy,1,0
spoof_23675.npy,1,0
spoof_31589.npy,1,0
human_02306.npy,0,1
spoof_22667.npy,1,0
spoof_00053.npy,1,0
spoof_15019.npy,1,0
spoof_33414.npy,1,0
spoof_34027.npy,1,0
spoof_28505.npy,1,0
human_03734.npy,0,1
spoof_31321.npy,1,0
spoof_01508.npy,1,0
spoof_00966.npy,1,0
spoof_19284.npy,1,0
spoof_07178.npy,1,0
spoof_23925.npy,1,0
spoof_06496.npy,1,0
spoof_11055.npy,1,0
spoof_18532.npy,1,0
spoof_37117.npy,1,0
human_04449.npy,0,1
spoof_10930.npy,1,0
spoof_07518.npy,1,0
spoof_16933.npy,1,0
spoof_22306.npy,1,0
spoof_09439.npy,1,0
spoof_04843.npy,1,0
spoof_21167.npy,1,0
spoof_23711.npy,1,0
spoof_34079.npy,1,0
spoof_07575.npy,1,0
spoof_20910.npy,1,0
spoof_13313.npy,1,0
spoof_37007.npy,1,0
spoof_28490.npy,1,0
spoof_14864.npy,1,0
spoof_12984.npy,1,0
spoof_34642.npy,1,0
human_05105.npy,0,1
spoof_39659.npy,1,0
spoof_01688.npy,1,0
spoof_06001.npy,1,0
spoof_12243.npy,1,0
spoof_37502.npy,1,0
spoof_31569.npy,1,0
spoof_24748.npy,1,0
spoof_26565.npy,1,0
spoof_34692.npy,1,0
spoof_29325.npy,1,0
spoof_06507.npy,1,0
spoof_06593.npy,1,0
spoof_09898.npy,1,0
spoof_32664.npy,1,0
spoof_12245.npy,1,0
spoof_17759.npy,1,0
spoof_10940.npy,1,0
spoof_03346.npy,1,0
spoof_21149.npy,1,0
spoof_09306.npy,1,0
spoof_24884.npy,1,0
spoof_09037.npy,1,0
spoof_01332.npy,1,0
spoof_07964.npy,1,0
spoof_12533.npy,1,0
spoof_06276.npy,1,0
spoof_11092.npy,1,0
spoof_13590.npy,1,0
spoof_32520.npy,1,0
human_08315.npy,0,1
spoof_31487.npy,1,0
spoof_38260.npy,1,0
spoof_22172.npy,1,0
spoof_11515.npy,1,0
spoof_16295.npy,1,0
spoof_17409.npy,1,0
spoof_39317.npy,1,0
spoof_09953.npy,1,0
spoof_14349.npy,1,0
spoof_11310.npy,1,0
spoof_33804.npy,1,0
spoof_07354.npy,1,0
spoof_29715.npy,1,0
human_09323.npy,0,1
spoof_22422.npy,1,0
spoof_22624.npy,1,0
spoof_20778.npy,1,0
human_06435.npy,0,1
spoof_15877.npy,1,0
spoof_39324.npy,1,0
spoof_17116.npy,1,0
spoof_36155.npy,1,0
spoof_37027.npy,1,0
spoof_16343.npy,1,0
spoof_17146.npy,1,0
spoof_35318.npy,1,0
human_03398.npy,0,1
spoof_37359.npy,1,0
human_01526.npy,0,1
spoof_35192.npy,1,0
spoof_26099.npy,1,0
spoof_17830.npy,1,0
spoof_11128.npy,1,0
spoof_25887.npy,1,0
spoof_28969.npy,1,0
human_03202.npy,0,1
spoof_18852.npy,1,0
spoof_24079.npy,1,0
spoof_23808.npy,1,0
spoof_15813.npy,1,0
spoof_24570.npy,1,0
spoof_07129.npy,1,0
spoof_00307.npy,1,0
spoof_38862.npy,1,0
spoof_27727.npy,1,0
spoof_03103.npy,1,0
spoof_00932.npy,1,0
spoof_39479.npy,1,0
spoof_00574.npy,1,0
spoof_00359.npy,1,0
spoof_10855.npy,1,0
spoof_18902.npy,1,0
spoof_03064.npy,1,0
spoof_09288.npy,1,0
spoof_10987.npy,1,0
spoof_33499.npy,1,0
spoof_28988.npy,1,0
spoof_19224.npy,1,0
spoof_31011.npy,1,0
spoof_17805.npy,1,0
spoof_19324.npy,1,0
spoof_29036.npy,1,0
spoof_09351.npy,1,0
spoof_29822.npy,1,0
spoof_12414.npy,1,0
human_05783.npy,0,1
spoof_02253.npy,1,0
spoof_30109.npy,1,0
spoof_35222.npy,1,0
spoof_08708.npy,1,0
spoof_36075.npy,1,0
spoof_21676.npy,1,0
human_09691.npy,0,1
spoof_03004.npy,1,0
spoof_03125.npy,1,0
spoof_11898.npy,1,0
spoof_05051.npy,1,0
spoof_21848.npy,1,0
spoof_12076.npy,1,0
human_04813.npy,0,1
spoof_30253.npy,1,0
spoof_05883.npy,1,0
spoof_02731.npy,1,0
spoof_39661.npy,1,0
spoof_37201.npy,1,0
spoof_04430.npy,1,0
spoof_19278.npy,1,0
human_07597.npy,0,1
spoof_30851.npy,1,0
human_06868.npy,0,1
spoof_20850.npy,1,0
spoof_29414.npy,1,0
spoof_18570.npy,1,0
spoof_07599.npy,1,0
spoof_33565.npy,1,0
human_04562.npy,0,1
spoof_13739.npy,1,0
spoof_16792.npy,1,0
spoof_09467.npy,1,0
spoof_21274.npy,1,0
spoof_34019.npy,1,0
spoof_03672.npy,1,0
spoof_14553.npy,1,0
spoof_14060.npy,1,0
human_05019.npy,0,1
spoof_02423.npy,1,0
spoof_15030.npy,1,0
spoof_13719.npy,1,0
spoof_33101.npy,1,0
spoof_06232.npy,1,0
spoof_23718.npy,1,0
spoof_16243.npy,1,0
spoof_14051.npy,1,0
spoof_36674.npy,1,0
spoof_10623.npy,1,0
human_03067.npy,0,1
spoof_23245.npy,1,0
spoof_02987.npy,1,0
human_03196.npy,0,1
spoof_33716.npy,1,0
spoof_07286.npy,1,0
spoof_26113.npy,1,0
spoof_05885.npy,1,0
spoof_20566.npy,1,0
spoof_12966.npy,1,0
spoof_13964.npy,1,0
spoof_17899.npy,1,0
spoof_21807.npy,1,0
spoof_26523.npy,1,0
spoof_13951.npy,1,0
human_03724.npy,0,1
spoof_25063.npy,1,0
spoof_19550.npy,1,0
human_02228.npy,0,1
human_05870.npy,0,1
spoof_24201.npy,1,0
spoof_34253.npy,1,0
spoof_37803.npy,1,0
spoof_22305.npy,1,0
spoof_25371.npy,1,0
spoof_11403.npy,1,0
human_09599.npy,0,1
spoof_10304.npy,1,0
spoof_06720.npy,1,0
human_08531.npy,0,1
spoof_19743.npy,1,0
spoof_13709.npy,1,0
spoof_28537.npy,1,0
spoof_00290.npy,1,0
spoof_02511.npy,1,0
spoof_24047.npy,1,0
spoof_19382.npy,1,0
spoof_38762.npy,1,0
spoof_26663.npy,1,0
spoof_19948.npy,1,0
spoof_21981.npy,1,0
spoof_34167.npy,1,0
spoof_08129.npy,1,0
spoof_17297.npy,1,0
spoof_24244.npy,1,0
spoof_38965.npy,1,0
human_00958.npy,0,1
spoof_33726.npy,1,0
spoof_06156.npy,1,0
spoof_11930.npy,1,0
spoof_14431.npy,1,0
spoof_34425.npy,1,0
spoof_39529.npy,1,0
spoof_06068.npy,1,0
spoof_25557.npy,1,0
spoof_16362.npy,1,0
spoof_14532.npy,1,0
spoof_07392.npy,1,0
spoof_31646.npy,1,0
spoof_09816.npy,1,0
spoof_17397.npy,1,0
spoof_19463.npy,1,0
spoof_20883.npy,1,0
spoof_15505.npy,1,0
spoof_23715.npy,1,0
human_03606.npy,0,1
spoof_38729.npy,1,0
spoof_20347.npy,1,0
human_03957.npy,0,1
spoof_35891.npy,1,0
spoof_20943.npy,1,0
spoof_07983.npy,1,0
spoof_09788.npy,1,0
spoof_03215.npy,1,0
human_01382.npy,0,1
human_04867.npy,0,1
spoof_07379.npy,1,0
spoof_01583.npy,1,0
spoof_39607.npy,1,0
spoof_12554.npy,1,0
human_01387.npy,0,1
spoof_08914.npy,1,0
spoof_33194.npy,1,0
spoof_17606.npy,1,0
spoof_05399.npy,1,0
human_03943.npy,0,1
spoof_26571.npy,1,0
spoof_25568.npy,1,0
spoof_10591.npy,1,0
spoof_27337.npy,1,0
spoof_37066.npy,1,0
spoof_29007.npy,1,0
spoof_03576.npy,1,0
spoof_10234.npy,1,0
spoof_06640.npy,1,0
human_02103.npy,0,1
spoof_38051.npy,1,0
spoof_07194.npy,1,0
spoof_18583.npy,1,0
spoof_05726.npy,1,0
spoof_39037.npy,1,0
spoof_33048.npy,1,0
spoof_14143.npy,1,0
human_02516.npy,0,1
spoof_15183.npy,1,0
spoof_02046.npy,1,0
human_08128.npy,0,1
spoof_26543.npy,1,0
spoof_07754.npy,1,0
spoof_09235.npy,1,0
spoof_25041.npy,1,0
spoof_07185.npy,1,0
spoof_00141.npy,1,0
spoof_39524.npy,1,0
spoof_01937.npy,1,0
spoof_25782.npy,1,0
spoof_21537.npy,1,0
spoof_12462.npy,1,0
spoof_13938.npy,1,0
spoof_23545.npy,1,0
spoof_20587.npy,1,0
spoof_19300.npy,1,0
spoof_00694.npy,1,0
human_02878.npy,0,1
human_02405.npy,0,1
spoof_37717.npy,1,0
human_07543.npy,0,1
spoof_22033.npy,1,0
spoof_34219.npy,1,0
spoof_38471.npy,1,0
spoof_28179.npy,1,0
spoof_10641.npy,1,0
spoof_25238.npy,1,0
human_07355.npy,0,1
spoof_00747.npy,1,0
human_06833.npy,0,1
spoof_00265.npy,1,0
spoof_05996.npy,1,0
human_00761.npy,0,1
spoof_11990.npy,1,0
spoof_22846.npy,1,0
spoof_22730.npy,1,0
spoof_08046.npy,1,0
spoof_05540.npy,1,0
spoof_29497.npy,1,0
spoof_05253.npy,1,0
spoof_31354.npy,1,0
spoof_22815.npy,1,0
spoof_10346.npy,1,0
spoof_24217.npy,1,0
human_02191.npy,0,1
spoof_01955.npy,1,0
spoof_29380.npy,1,0
human_07076.npy,0,1
spoof_22537.npy,1,0
human_02382.npy,0,1
spoof_39067.npy,1,0
spoof_05741.npy,1,0
human_06411.npy,0,1
spoof_35567.npy,1,0
spoof_21131.npy,1,0
human_09596.npy,0,1
spoof_34893.npy,1,0
human_00486.npy,0,1
spoof_33659.npy,1,0
spoof_09907.npy,1,0
spoof_09986.npy,1,0
spoof_21176.npy,1,0
spoof_27069.npy,1,0
spoof_07959.npy,1,0
human_03566.npy,0,1
spoof_35528.npy,1,0
spoof_16951.npy,1,0
spoof_33557.npy,1,0
spoof_36762.npy,1,0
spoof_33497.npy,1,0
spoof_21555.npy,1,0
spoof_17415.npy,1,0
spoof_11296.npy,1,0
spoof_17284.npy,1,0
spoof_25979.npy,1,0
spoof_36427.npy,1,0
spoof_02912.npy,1,0
human_00949.npy,0,1
human_08320.npy,0,1
spoof_20498.npy,1,0
spoof_37295.npy,1,0
spoof_25898.npy,1,0
spoof_28045.npy,1,0
spoof_09424.npy,1,0
spoof_23973.npy,1,0
human_06145.npy,0,1
spoof_06519.npy,1,0
spoof_33994.npy,1,0
spoof_29690.npy,1,0
human_06194.npy,0,1
spoof_36737.npy,1,0
human_01427.npy,0,1
spoof_03075.npy,1,0
spoof_18131.npy,1,0
spoof_32885.npy,1,0
spoof_08330.npy,1,0
spoof_22342.npy,1,0
spoof_05620.npy,1,0
spoof_12687.npy,1,0
spoof_02152.npy,1,0
spoof_04568.npy,1,0
human_02792.npy,0,1
human_05869.npy,0,1
human_00623.npy,0,1
spoof_36865.npy,1,0
spoof_08813.npy,1,0
human_09676.npy,0,1
spoof_13745.npy,1,0
spoof_34961.npy,1,0
spoof_08834.npy,1,0
spoof_16163.npy,1,0
spoof_30641.npy,1,0
human_05872.npy,0,1
spoof_26825.npy,1,0
spoof_33357.npy,1,0
spoof_11940.npy,1,0
spoof_34888.npy,1,0
spoof_24600.npy,1,0
spoof_29404.npy,1,0
spoof_12232.npy,1,0
spoof_34087.npy,1,0
spoof_23886.npy,1,0
spoof_16436.npy,1,0
spoof_31744.npy,1,0
spoof_10836.npy,1,0
spoof_03762.npy,1,0
spoof_03047.npy,1,0
human_08277.npy,0,1
spoof_12946.npy,1,0
spoof_20551.npy,1,0
human_02052.npy,0,1
spoof_18599.npy,1,0
spoof_05901.npy,1,0
spoof_03567.npy,1,0
spoof_38013.npy,1,0
spoof_16928.npy,1,0
human_03083.npy,0,1
spoof_01791.npy,1,0
spoof_11783.npy,1,0
spoof_36098.npy,1,0
human_10044.npy,0,1
spoof_11316.npy,1,0
spoof_12714.npy,1,0
spoof_39249.npy,1,0
spoof_21001.npy,1,0
spoof_24446.npy,1,0
spoof_32018.npy,1,0
spoof_38520.npy,1,0
spoof_39367.npy,1,0
human_02696.npy,0,1
spoof_38545.npy,1,0
spoof_18984.npy,1,0
human_04286.npy,0,1
spoof_29454.npy,1,0
spoof_38176.npy,1,0
human_01270.npy,0,1
spoof_16986.npy,1,0
spoof_02017.npy,1,0
spoof_31409.npy,1,0
spoof_29469.npy,1,0
spoof_31869.npy,1,0
spoof_19221.npy,1,0
spoof_04099.npy,1,0
spoof_19000.npy,1,0
spoof_01792.npy,1,0
spoof_35516.npy,1,0
spoof_13363.npy,1,0
spoof_29731.npy,1,0
spoof_08522.npy,1,0
spoof_35149.npy,1,0
spoof_35224.npy,1,0
spoof_31131.npy,1,0
spoof_27416.npy,1,0
spoof_17067.npy,1,0
spoof_08067.npy,1,0
spoof_23192.npy,1,0
spoof_28638.npy,1,0
spoof_07280.npy,1,0
spoof_27291.npy,1,0
human_00445.npy,0,1
spoof_16329.npy,1,0
spoof_22036.npy,1,0
spoof_07918.npy,1,0
spoof_32441.npy,1,0
spoof_12835.npy,1,0
spoof_33296.npy,1,0
spoof_28894.npy,1,0
spoof_04110.npy,1,0
spoof_24286.npy,1,0
spoof_30842.npy,1,0
human_09379.npy,0,1
spoof_32819.npy,1,0
spoof_35252.npy,1,0
spoof_09246.npy,1,0
spoof_07073.npy,1,0
spoof_06508.npy,1,0
spoof_02299.npy,1,0
spoof_24957.npy,1,0
spoof_38537.npy,1,0
spoof_19275.npy,1,0
spoof_26426.npy,1,0
human_02178.npy,0,1
spoof_02888.npy,1,0
spoof_30134.npy,1,0
spoof_29155.npy,1,0
spoof_03659.npy,1,0
spoof_08172.npy,1,0
spoof_07060.npy,1,0
spoof_23359.npy,1,0
human_05570.npy,0,1
spoof_13303.npy,1,0
spoof_07790.npy,1,0
spoof_12857.npy,1,0
human_00942.npy,0,1
spoof_03176.npy,1,0
spoof_15734.npy,1,0
spoof_31110.npy,1,0
spoof_00540.npy,1,0
spoof_16728.npy,1,0
spoof_26591.npy,1,0
spoof_28996.npy,1,0
human_09957.npy,0,1
spoof_03543.npy,1,0
spoof_09115.npy,1,0
human_05217.npy,0,1
spoof_24316.npy,1,0
spoof_34074.npy,1,0
spoof_04515.npy,1,0
spoof_00175.npy,1,0
human_04510.npy,0,1
human_09966.npy,0,1
spoof_03933.npy,1,0
spoof_22138.npy,1,0
spoof_31822.npy,1,0
spoof_34037.npy,1,0
spoof_28253.npy,1,0
spoof_21286.npy,1,0
spoof_06717.npy,1,0
spoof_03957.npy,1,0
spoof_18425.npy,1,0
spoof_07662.npy,1,0
human_07100.npy,0,1
spoof_30424.npy,1,0
spoof_06512.npy,1,0
spoof_08801.npy,1,0
spoof_22901.npy,1,0
spoof_27605.npy,1,0
spoof_31311.npy,1,0
spoof_36596.npy,1,0
spoof_16370.npy,1,0
spoof_25600.npy,1,0
spoof_00006.npy,1,0
spoof_20327.npy,1,0
spoof_14473.npy,1,0
spoof_16660.npy,1,0
spoof_01741.npy,1,0
spoof_06092.npy,1,0
spoof_09764.npy,1,0
spoof_17480.npy,1,0
spoof_35440.npy,1,0
spoof_27437.npy,1,0
spoof_26184.npy,1,0
human_02321.npy,0,1
spoof_31881.npy,1,0
spoof_27979.npy,1,0
human_00295.npy,0,1
spoof_13337.npy,1,0
spoof_04208.npy,1,0
spoof_10822.npy,1,0
spoof_04698.npy,1,0
spoof_01566.npy,1,0
spoof_22415.npy,1,0
spoof_21710.npy,1,0
human_01738.npy,0,1
spoof_11766.npy,1,0
spoof_18266.npy,1,0
spoof_33221.npy,1,0
spoof_08239.npy,1,0
spoof_01689.npy,1,0
spoof_34159.npy,1,0
spoof_10012.npy,1,0
spoof_39304.npy,1,0
spoof_03485.npy,1,0
spoof_02688.npy,1,0
spoof_27882.npy,1,0
spoof_11519.npy,1,0
spoof_25818.npy,1,0
spoof_02659.npy,1,0
spoof_13070.npy,1,0
spoof_05138.npy,1,0
spoof_39039.npy,1,0
spoof_30553.npy,1,0
spoof_16121.npy,1,0
spoof_29810.npy,1,0
spoof_32691.npy,1,0
spoof_01523.npy,1,0
human_06644.npy,0,1
spoof_06704.npy,1,0
spoof_02470.npy,1,0
spoof_35161.npy,1,0
spoof_39221.npy,1,0
spoof_18922.npy,1,0
spoof_20510.npy,1,0
spoof_04469.npy,1,0
spoof_22507.npy,1,0
spoof_39054.npy,1,0
spoof_38321.npy,1,0
human_07069.npy,0,1
spoof_07639.npy,1,0
human_00454.npy,0,1
spoof_17400.npy,1,0
spoof_20972.npy,1,0
spoof_06497.npy,1,0
spoof_33771.npy,1,0
spoof_32723.npy,1,0
human_08464.npy,0,1
spoof_31997.npy,1,0
spoof_18075.npy,1,0
human_00980.npy,0,1
spoof_30467.npy,1,0
spoof_29917.npy,1,0
human_07989.npy,0,1
spoof_32757.npy,1,0
spoof_23630.npy,1,0
spoof_20726.npy,1,0
spoof_24013.npy,1,0
spoof_09656.npy,1,0
spoof_37246.npy,1,0
spoof_19846.npy,1,0
spoof_36968.npy,1,0
spoof_01576.npy,1,0
spoof_18611.npy,1,0
spoof_08908.npy,1,0
spoof_11584.npy,1,0
spoof_08925.npy,1,0
spoof_30191.npy,1,0
spoof_03020.npy,1,0
spoof_05345.npy,1,0
human_00662.npy,0,1
spoof_30534.npy,1,0
spoof_29199.npy,1,0
spoof_26349.npy,1,0
human_09770.npy,0,1
spoof_25759.npy,1,0
spoof_13948.npy,1,0
spoof_18023.npy,1,0
human_07233.npy,0,1
spoof_15353.npy,1,0
spoof_00951.npy,1,0
spoof_19908.npy,1,0
spoof_06085.npy,1,0
spoof_22448.npy,1,0
spoof_37624.npy,1,0
spoof_31089.npy,1,0
spoof_00578.npy,1,0
spoof_28467.npy,1,0
spoof_30717.npy,1,0
spoof_15714.npy,1,0
spoof_24135.npy,1,0
spoof_33087.npy,1,0
spoof_33793.npy,1,0
spoof_08967.npy,1,0
spoof_20908.npy,1,0
spoof_18373.npy,1,0
spoof_21127.npy,1,0
spoof_01045.npy,1,0
spoof_09134.npy,1,0
spoof_16474.npy,1,0
spoof_03357.npy,1,0
spoof_07903.npy,1,0
spoof_00731.npy,1,0
spoof_39500.npy,1,0
spoof_35513.npy,1,0
spoof_13577.npy,1,0
spoof_15330.npy,1,0
spoof_04747.npy,1,0
spoof_01669.npy,1,0
spoof_05776.npy,1,0
spoof_34073.npy,1,0
spoof_24287.npy,1,0
spoof_07281.npy,1,0
human_09996.npy,0,1
spoof_11565.npy,1,0
human_09584.npy,0,1
spoof_01386.npy,1,0
human_08856.npy,0,1
spoof_29526.npy,1,0
spoof_27236.npy,1,0
human_03890.npy,0,1
spoof_15192.npy,1,0
spoof_34283.npy,1,0
spoof_22235.npy,1,0
spoof_00169.npy,1,0
spoof_15759.npy,1,0
human_06511.npy,0,1
spoof_08661.npy,1,0
spoof_05834.npy,1,0
spoof_25354.npy,1,0
spoof_04443.npy,1,0
spoof_01528.npy,1,0
spoof_10876.npy,1,0
spoof_26682.npy,1,0
human_09927.npy,0,1
spoof_06135.npy,1,0
spoof_39342.npy,1,0
human_01182.npy,0,1
spoof_06359.npy,1,0
spoof_25753.npy,1,0
human_03459.npy,0,1
human_03258.npy,0,1
spoof_29984.npy,1,0
spoof_16548.npy,1,0
spoof_31189.npy,1,0
spoof_13471.npy,1,0
spoof_29119.npy,1,0
spoof_09374.npy,1,0
spoof_29623.npy,1,0
human_05513.npy,0,1
spoof_12149.npy,1,0
human_07784.npy,0,1
spoof_14696.npy,1,0
spoof_25821.npy,1,0
spoof_25684.npy,1,0
human_07060.npy,0,1
spoof_14114.npy,1,0
spoof_31482.npy,1,0
spoof_05746.npy,1,0
spoof_18450.npy,1,0
spoof_30829.npy,1,0
spoof_10489.npy,1,0
spoof_16133.npy,1,0
spoof_23575.npy,1,0
spoof_10483.npy,1,0
spoof_31327.npy,1,0
spoof_05672.npy,1,0
spoof_15603.npy,1,0
spoof_27436.npy,1,0
spoof_18315.npy,1,0
spoof_29570.npy,1,0
spoof_34410.npy,1,0
human_05336.npy,0,1
spoof_11714.npy,1,0
spoof_12316.npy,1,0
human_02540.npy,0,1
spoof_13009.npy,1,0
spoof_35131.npy,1,0
human_03512.npy,0,1
spoof_12458.npy,1,0
spoof_09727.npy,1,0
spoof_31962.npy,1,0
spoof_08162.npy,1,0
spoof_38104.npy,1,0
spoof_13755.npy,1,0
spoof_39677.npy,1,0
human_01729.npy,0,1
spoof_20788.npy,1,0
spoof_26551.npy,1,0
spoof_12253.npy,1,0
spoof_03264.npy,1,0
spoof_19400.npy,1,0
spoof_15570.npy,1,0
spoof_37041.npy,1,0
spoof_33954.npy,1,0
spoof_33304.npy,1,0
spoof_10558.npy,1,0
spoof_32787.npy,1,0
spoof_09412.npy,1,0
spoof_01889.npy,1,0
spoof_34802.npy,1,0
spoof_04060.npy,1,0
spoof_28641.npy,1,0
spoof_19263.npy,1,0
spoof_38577.npy,1,0
spoof_25562.npy,1,0
spoof_29424.npy,1,0
spoof_02547.npy,1,0
spoof_27088.npy,1,0
spoof_23446.npy,1,0
spoof_28555.npy,1,0
human_01933.npy,0,1
spoof_18929.npy,1,0
human_04658.npy,0,1
spoof_16131.npy,1,0
spoof_07914.npy,1,0
spoof_14066.npy,1,0
spoof_20095.npy,1,0
spoof_04714.npy,1,0
spoof_30252.npy,1,0
spoof_09877.npy,1,0
spoof_28508.npy,1,0
spoof_24983.npy,1,0
spoof_16559.npy,1,0
spoof_35195.npy,1,0
spoof_08927.npy,1,0
spoof_01782.npy,1,0
human_08099.npy,0,1
spoof_31440.npy,1,0
human_05886.npy,0,1
human_02242.npy,0,1
spoof_00601.npy,1,0
spoof_21601.npy,1,0
spoof_17969.npy,1,0
human_00627.npy,0,1
human_09489.npy,0,1
spoof_21220.npy,1,0
human_08748.npy,0,1
spoof_06393.npy,1,0
spoof_05779.npy,1,0
spoof_30999.npy,1,0
